gene,comparison,log2fc,p_value,abs_log2fc
SLC4A4,Fatal_vs_Healthy,-19.941660846578003,5.617669320519977e-39,19.941660846578003
SLC13A5,Survivor_vs_Healthy,18.74576120457097,5.634213508878091e-39,18.74576120457097
SLCO2B1,Fatal_vs_Healthy,22.490019206743117,5.6400152103706336e-39,22.490019206743117
SLC1A6,Fatal_vs_Healthy,20.140487869542174,5.6400152103706336e-39,20.140487869542174
SLC5A9,Survivor_vs_Healthy,20.60591471118513,5.6400152103706336e-39,20.60591471118513
SLC14A1,Survivor_vs_Healthy,21.290305360330272,5.6400152103706336e-39,21.290305360330272
SLC46A1,Survivor_vs_Healthy,21.13610580297889,5.6400152103706336e-39,21.13610580297889
SLC6A9,Fatal_vs_Healthy,20.532393803231194,5.6400152103706336e-39,20.532393803231194
SLC46A1,Fatal_vs_Healthy,21.808080195968248,5.6400152103706336e-39,21.808080195968248
SLCO2B1,Survivor_vs_Healthy,21.088154973993245,5.6400152103706336e-39,21.088154973993245
SLC5A5,Fatal_vs_Healthy,19.037104498794452,2.154677384233939e-38,19.037104498794452
SLC6A9,Survivor_vs_Healthy,18.82231841673852,2.1554606035284367e-38,18.82231841673852
SLC5A9,Fatal_vs_Healthy,18.9129883822513,2.1562441007941775e-38,18.9129883822513
SLC2A10,Survivor_vs_Healthy,19.203241651279065,8.139403854363295e-38,19.203241651279065
SLC32A1,Fatal_vs_Healthy,18.702559842215557,3.024707685308132e-37,18.702559842215557
SLC2A12,Survivor_vs_Healthy,17.886001828410702,3.9669736546533994e-36,17.886001828410702
SLC32A1,Survivor_vs_Healthy,18.641399271367693,4.009105904494722e-36,18.641399271367693
SLC4A1,Fatal_vs_Healthy,3.0995638666160743,8.311122991403306e-35,3.0995638666160743
SLC27A2,Survivor_vs_Healthy,4.6969024705042886,8.938846816783982e-35,4.6969024705042886
SLC7A8,Fatal_vs_Healthy,2.8594440434819828,2.3104110207431623e-34,2.8594440434819828
SLC7A8,Survivor_vs_Healthy,2.6602224723658043,2.3104110207431623e-34,2.6602224723658043
SLC28A3,Fatal_vs_Healthy,3.45493631415238,2.5123942026517515e-34,3.45493631415238
SLC28A3,Survivor_vs_Healthy,3.726130756047012,2.5123942026517515e-34,3.726130756047012
SLC6A12,Fatal_vs_Healthy,1.7562885220667412,2.560845048164455e-34,1.7562885220667412
SLC25A15,Fatal_vs_Healthy,2.0242091755659954,2.5618550313305253e-34,2.0242091755659954
SLC11A1,Survivor_vs_Healthy,-0.23814154455092043,2.562143669163401e-34,0.23814154455092043
SLC37A1,Fatal_vs_Healthy,0.6832273859191162,2.562143669163401e-34,0.6832273859191162
SLC39A7,Fatal_vs_Healthy,1.4385657999855868,2.562143669163401e-34,1.4385657999855868
SLC38A1,Fatal_vs_Healthy,-0.4463497750805147,2.562143669163401e-34,0.4463497750805147
SLC39A4,Survivor_vs_Healthy,0.8412017220724582,2.562143669163401e-34,0.8412017220724582
SLC35A3,Survivor_vs_Healthy,0.54896431039671,2.562143669163401e-34,0.54896431039671
SLC16A3,Survivor_vs_Healthy,1.5934668897313864,2.562143669163401e-34,1.5934668897313864
SLC25A19,Survivor_vs_Healthy,-0.6152704222684353,2.562143669163401e-34,0.6152704222684353
SLC4A2,Survivor_vs_Healthy,1.409551563888129,2.562143669163401e-34,1.409551563888129
SLC22A5,Fatal_vs_Healthy,1.2011720163572308,2.562143669163401e-34,1.2011720163572308
SLC29A1,Survivor_vs_Healthy,1.0522766900686746,2.562143669163401e-34,1.0522766900686746
SLC25A28,Survivor_vs_Healthy,-0.3488820397224851,2.562143669163401e-34,0.3488820397224851
SLC35C1,Survivor_vs_Healthy,2.2811736330234385,2.562143669163401e-34,2.2811736330234385
SLC25A37,Survivor_vs_Healthy,0.5975298810185334,2.562143669163401e-34,0.5975298810185334
SLC11A1,Fatal_vs_Healthy,-0.6695535027631334,2.562143669163401e-34,0.6695535027631334
SLC4A2,Fatal_vs_Healthy,1.3508367241031844,2.562143669163401e-34,1.3508367241031844
SLC35A3,Fatal_vs_Healthy,0.9146718953914758,2.562143669163401e-34,0.9146718953914758
SLC16A3,Fatal_vs_Healthy,1.3007542422549074,2.562143669163401e-34,1.3007542422549074
SLC39A4,Fatal_vs_Healthy,1.0024030214800363,2.562143669163401e-34,1.0024030214800363
SLC29A1,Fatal_vs_Healthy,0.9488418949061185,2.562143669163401e-34,0.9488418949061185
SLC36A1,Survivor_vs_Healthy,1.5629710019839593,2.562143669163401e-34,1.5629710019839593
SLC7A11,Survivor_vs_Healthy,-2.4550874567178194,2.562143669163401e-34,2.4550874567178194
SLC5A6,Survivor_vs_Healthy,0.8846986527956654,2.562143669163401e-34,0.8846986527956654
SLC38A2,Fatal_vs_Healthy,0.34629820985835674,2.562143669163401e-34,0.34629820985835674
SLC44A2,Fatal_vs_Healthy,0.8586391115466208,2.562143669163401e-34,0.8586391115466208
SLC1A3,Fatal_vs_Healthy,2.6766848738760207,2.562143669163401e-34,2.6766848738760207
SLC44A1,Fatal_vs_Healthy,0.7342876285750845,2.562143669163401e-34,0.7342876285750845
SLC31A1,Fatal_vs_Healthy,0.47555423219646087,2.562143669163401e-34,0.47555423219646087
SLC3A2,Fatal_vs_Healthy,0.16725561117018584,2.562143669163401e-34,0.16725561117018584
SLC39A3,Fatal_vs_Healthy,1.3722687555469664,2.562143669163401e-34,1.3722687555469664
SLC37A4,Fatal_vs_Healthy,2.5604233070032976,2.562143669163401e-34,2.5604233070032976
SLC2A6,Fatal_vs_Healthy,1.843133760803986,2.562143669163401e-34,1.843133760803986
SLC35A1,Survivor_vs_Healthy,1.5098407188615666,2.562143669163401e-34,1.5098407188615666
SLC25A5,Survivor_vs_Healthy,-0.4984472573932123,2.562143669163401e-34,0.4984472573932123
SLC25A1,Survivor_vs_Healthy,0.5011314528821152,2.562143669163401e-34,0.5011314528821152
SLC27A3,Survivor_vs_Healthy,0.8512594434846938,2.562143669163401e-34,0.8512594434846938
SLC1A5,Survivor_vs_Healthy,1.6238863832015276,2.562143669163401e-34,1.6238863832015276
SLC35B2,Survivor_vs_Healthy,-1.2062674048622057,2.562143669163401e-34,1.2062674048622057
SLC5A3,Survivor_vs_Healthy,-0.4364595570540448,2.562143669163401e-34,0.4364595570540448
SLC8A1,Survivor_vs_Healthy,0.31691070793576737,2.562143669163401e-34,0.31691070793576737
SLC9A8,Survivor_vs_Healthy,0.5438583251231006,2.562143669163401e-34,0.5438583251231006
SLC1A5,Fatal_vs_Healthy,1.719985432835832,2.562143669163401e-34,1.719985432835832
SLCO4A1,Fatal_vs_Healthy,4.593744104281885,2.562143669163401e-34,4.593744104281885
SLC25A20,Fatal_vs_Healthy,2.424575068712541,2.562143669163401e-34,2.424575068712541
SLC9A1,Fatal_vs_Healthy,-0.6725289194124191,2.562143669163401e-34,0.6725289194124191
SLC39A1,Fatal_vs_Healthy,1.6416068153156091,2.562143669163401e-34,1.6416068153156091
SLC25A12,Fatal_vs_Healthy,1.2893289673706196,2.562143669163401e-34,1.2893289673706196
SLC7A5,Fatal_vs_Healthy,-0.4573211167275987,2.562143669163401e-34,0.4573211167275987
SLCO3A1,Fatal_vs_Healthy,-0.3556892619004505,2.562143669163401e-34,0.3556892619004505
SLC2A1,Fatal_vs_Healthy,0.8735216632585935,2.562143669163401e-34,0.8735216632585935
SLC43A2,Fatal_vs_Healthy,-1.2893053050671701,2.562143669163401e-34,1.2893053050671701
SLC25A13,Fatal_vs_Healthy,0.7911175183655038,2.562143669163401e-34,0.7911175183655038
SLC30A6,Survivor_vs_Healthy,1.4002143286942046,2.562143669163401e-34,1.4002143286942046
SLC16A6,Fatal_vs_Healthy,-0.9871651780065342,2.562143669163401e-34,0.9871651780065342
SLC35B4,Fatal_vs_Healthy,1.755020460088818,2.562143669163401e-34,1.755020460088818
SLC39A8,Fatal_vs_Healthy,4.378384572276959,2.562143669163401e-34,4.378384572276959
SLC9A9,Survivor_vs_Healthy,1.131917456777128,2.562143669163401e-34,1.131917456777128
SLC30A7,Fatal_vs_Healthy,0.5889141422736005,2.562143669163401e-34,0.5889141422736005
SLC30A1,Fatal_vs_Healthy,0.8433052343154922,2.562143669163401e-34,0.8433052343154922
SLC8A1,Fatal_vs_Healthy,0.9739900247463544,2.562143669163401e-34,0.9739900247463544
SLC9A8,Fatal_vs_Healthy,0.3853370670520211,2.562143669163401e-34,0.3853370670520211
SLC30A1,Survivor_vs_Healthy,0.2161724901704376,2.562143669163401e-34,0.2161724901704376
SLC25A17,Survivor_vs_Healthy,1.305688557869399,2.562143669163401e-34,1.305688557869399
SLC27A1,Fatal_vs_Healthy,-0.6684413422342836,2.562143669163401e-34,0.6684413422342836
SLC39A1,Survivor_vs_Healthy,1.515650188328709,2.562143669163401e-34,1.515650188328709
SLC25A12,Survivor_vs_Healthy,1.2617965254521994,2.562143669163401e-34,1.2617965254521994
SLC27A1,Survivor_vs_Healthy,-0.6509326324394302,2.562143669163401e-34,0.6509326324394302
SLC9A9,Fatal_vs_Healthy,1.0643117716833255,2.562143669163401e-34,1.0643117716833255
SLC25A13,Survivor_vs_Healthy,0.7846744883223956,2.562143669163401e-34,0.7846744883223956
SLC2A5,Fatal_vs_Healthy,1.9742152342718753,2.562143669163401e-34,1.9742152342718753
SLC36A1,Fatal_vs_Healthy,1.3279391075637987,2.562143669163401e-34,1.3279391075637987
SLC36A4,Survivor_vs_Healthy,0.943385404212586,2.562143669163401e-34,0.943385404212586
SLC27A3,Fatal_vs_Healthy,1.1823798368281933,2.562143669163401e-34,1.1823798368281933
SLC25A11,Fatal_vs_Healthy,1.3731337654700724,2.562143669163401e-34,1.3731337654700724
SLC16A7,Fatal_vs_Healthy,2.7656141521882125,2.562143669163401e-34,2.7656141521882125
SLC7A7,Fatal_vs_Healthy,-0.34158736511820725,2.562143669163401e-34,0.34158736511820725
SLC23A2,Fatal_vs_Healthy,-1.2710812452680282,2.562143669163401e-34,1.2710812452680282
SLC27A4,Fatal_vs_Healthy,3.2115305754837626,2.562143669163401e-34,3.2115305754837626
SLC39A6,Fatal_vs_Healthy,1.3100794452839106,2.562143669163401e-34,1.3100794452839106
SLC15A3,Survivor_vs_Healthy,-0.4306755832926063,2.562143669163401e-34,0.4306755832926063
SLC25A36,Survivor_vs_Healthy,-0.28451179881462824,2.562143669163401e-34,0.28451179881462824
SLCO3A1,Survivor_vs_Healthy,-0.3390743073029366,2.562143669163401e-34,0.3390743073029366
SLC12A7,Fatal_vs_Healthy,-0.9398610020304399,2.562143669163401e-34,0.9398610020304399
SLC16A6,Survivor_vs_Healthy,-0.6354965501058223,2.562143669163401e-34,0.6354965501058223
SLC12A6,Fatal_vs_Healthy,-0.4721709086011103,2.562143669163401e-34,0.4721709086011103
SLC52A2,Fatal_vs_Healthy,1.1344614009018374,2.562143669163401e-34,1.1344614009018374
SLC41A1,Fatal_vs_Healthy,1.1715591980607443,2.562143669163401e-34,1.1715591980607443
SLC2A3,Fatal_vs_Healthy,-0.5526818949342731,2.562143669163401e-34,0.5526818949342731
SLCO4A1,Survivor_vs_Healthy,3.809692071304878,2.562143669163401e-34,3.809692071304878
SLC25A20,Survivor_vs_Healthy,2.5317630851477184,2.562143669163401e-34,2.5317630851477184
SLC2A1,Survivor_vs_Healthy,1.706017301254232,2.562143669163401e-34,1.706017301254232
SLC25A39,Fatal_vs_Healthy,0.3330149502979737,2.562143669163401e-34,0.3330149502979737
SLC15A4,Survivor_vs_Healthy,0.9261934688021048,2.562143669163401e-34,0.9261934688021048
SLC35D1,Fatal_vs_Healthy,1.2593158513258498,2.562143669163401e-34,1.2593158513258498
SLC25A29,Survivor_vs_Healthy,-1.612835621340898,2.562143669163401e-34,1.612835621340898
SLC35C1,Fatal_vs_Healthy,2.8810134760820647,2.562143669163401e-34,2.8810134760820647
SLC6A6,Survivor_vs_Healthy,0.5679907928147995,2.562143669163401e-34,0.5679907928147995
SLC31A1,Survivor_vs_Healthy,0.4933403242710497,2.562143669163401e-34,0.4933403242710497
SLC33A1,Survivor_vs_Healthy,1.2270979356418412,2.562143669163401e-34,1.2270979356418412
SLC1A3,Survivor_vs_Healthy,2.066356690833357,2.562143669163401e-34,2.066356690833357
SLC37A4,Survivor_vs_Healthy,2.479625448496679,2.562143669163401e-34,2.479625448496679
SLC25A3,Fatal_vs_Healthy,0.2055245214460051,2.562143669163401e-34,0.2055245214460051
SLC2A6,Survivor_vs_Healthy,0.5989702379987608,2.562143669163401e-34,0.5989702379987608
SLC25A40,Survivor_vs_Healthy,1.5687288772839216,2.562143669163401e-34,1.5687288772839216
SLC25A14,Fatal_vs_Healthy,0.8765160819267,2.562143669163401e-34,0.8765160819267
SLC25A5,Fatal_vs_Healthy,-0.49933699331582937,2.562143669163401e-34,0.49933699331582937
SLC5A6,Fatal_vs_Healthy,1.3904742072849237,2.562143669163401e-34,1.3904742072849237
SLC25A26,Fatal_vs_Healthy,0.41918215807388187,2.562143669163401e-34,0.41918215807388187
SLC39A6,Survivor_vs_Healthy,0.8302519804131843,2.562143669163401e-34,0.8302519804131843
SLC3A2,Survivor_vs_Healthy,-0.29993240475055377,2.562143669163401e-34,0.29993240475055377
SLC22A16,Survivor_vs_Healthy,1.519422157617953,2.562143669163401e-34,1.519422157617953
SLC39A3,Survivor_vs_Healthy,1.2782918942707233,2.562143669163401e-34,1.2782918942707233
SLC12A7,Survivor_vs_Healthy,-2.104613705092149,2.562143669163401e-34,2.104613705092149
SLC39A7,Survivor_vs_Healthy,1.1061791253283184,2.562143669163401e-34,1.1061791253283184
SLC38A1,Survivor_vs_Healthy,0.5519795238221759,2.562143669163401e-34,0.5519795238221759
SLC25A22,Fatal_vs_Healthy,1.552440051569562,2.562143669163401e-34,1.552440051569562
SLC25A11,Survivor_vs_Healthy,1.4750223312598696,2.562143669163401e-34,1.4750223312598696
SLC16A7,Survivor_vs_Healthy,2.6336449320691986,2.562143669163401e-34,2.6336449320691986
SLC7A7,Survivor_vs_Healthy,-0.623486881753836,2.562143669163401e-34,0.623486881753836
SLC23A2,Survivor_vs_Healthy,-1.2657162234853845,2.562143669163401e-34,1.2657162234853845
SLC27A4,Survivor_vs_Healthy,3.4359412030859477,2.562143669163401e-34,3.4359412030859477
SLC9A7,Fatal_vs_Healthy,-1.267160867726064,2.562143669163401e-34,1.267160867726064
SLC35B2,Fatal_vs_Healthy,-1.3707035624561774,2.562143669163401e-34,1.3707035624561774
SLC25A1,Fatal_vs_Healthy,0.545424661825508,2.562143669163401e-34,0.545424661825508
SLC44A2,Survivor_vs_Healthy,0.7021281848354908,2.562143669163401e-34,0.7021281848354908
SLC30A7,Survivor_vs_Healthy,0.6651510064044768,2.562143669163401e-34,0.6651510064044768
SLC35B4,Survivor_vs_Healthy,1.6418368105540173,2.562143669163401e-34,1.6418368105540173
SLC39A8,Survivor_vs_Healthy,3.444213646138305,2.562143669163401e-34,3.444213646138305
SLC25A29,Fatal_vs_Healthy,-2.5763859921064682,2.562143669163401e-34,2.5763859921064682
SLC15A4,Fatal_vs_Healthy,1.1280455253983244,2.562143669163401e-34,1.1280455253983244
SLC36A4,Fatal_vs_Healthy,0.59600068675633,2.562143669163401e-34,0.59600068675633
SLC26A11,Fatal_vs_Healthy,-0.76880885741908,2.562143669163401e-34,0.76880885741908
SLC51A,Fatal_vs_Healthy,1.522005345314062,2.562143669163401e-34,1.522005345314062
SLC25A33,Survivor_vs_Healthy,-0.6634384893228013,2.562143669163401e-34,0.6634384893228013
SLC25A3,Survivor_vs_Healthy,0.11264878859803168,2.562143669163401e-34,0.11264878859803168
SLC43A2,Survivor_vs_Healthy,-1.0542254265481794,2.562143669163401e-34,1.0542254265481794
SLC15A3,Fatal_vs_Healthy,-0.31488197052271794,2.562143669163401e-34,0.31488197052271794
SLC51A,Survivor_vs_Healthy,2.3606416275860638,2.562143669163401e-34,2.3606416275860638
SLC52A2,Survivor_vs_Healthy,0.94846098799686,2.562143669163401e-34,0.94846098799686
SLC7A11,Fatal_vs_Healthy,-3.692481407453043,2.562143669163401e-34,3.692481407453043
SLC11A2,Survivor_vs_Healthy,0.5535994764801236,2.562143669163401e-34,0.5535994764801236
SLC12A6,Survivor_vs_Healthy,0.2730165121254998,2.562143669163401e-34,0.2730165121254998
SLC41A2,Fatal_vs_Healthy,1.1304499548595346,2.640284031487027e-34,1.1304499548595346
SLC2A3,Survivor_vs_Healthy,-0.08098334390150842,2.640284031487027e-34,0.08098334390150842
SLC16A4,Survivor_vs_Healthy,1.4635860083949248,2.7207913829411556e-34,1.4635860083949248
SLC30A6,Fatal_vs_Healthy,1.258893221797219,2.7207913829411556e-34,1.258893221797219
SLC35A1,Fatal_vs_Healthy,0.8234437028896701,2.7207913829411556e-34,0.8234437028896701
SLC22A5,Survivor_vs_Healthy,1.1308512861357687,2.7207913829411556e-34,1.1308512861357687
SLC9A1,Survivor_vs_Healthy,-0.47106012066097985,2.8037369279891326e-34,0.47106012066097985
SLC35D1,Survivor_vs_Healthy,0.6906984116054875,2.8037369279891326e-34,0.6906984116054875
SLC9A7,Survivor_vs_Healthy,-0.8140960967372017,2.9772381142870293e-34,0.8140960967372017
SLC25A17,Fatal_vs_Healthy,1.1496643546154974,2.9772381142870293e-34,1.1496643546154974
SLC44A1,Survivor_vs_Healthy,0.3248479817342925,2.9772381142870293e-34,0.3248479817342925
SLC19A1,Fatal_vs_Healthy,-0.4729590868332788,3.0679470531105663e-34,0.4729590868332788
SLC25A40,Fatal_vs_Healthy,0.7909385871693333,3.0679470531105663e-34,0.7909385871693333
SLC12A5,Survivor_vs_Healthy,1.6937979071709521,3.2547566784944706e-34,1.6937979071709521
SLC8B1,Survivor_vs_Healthy,-0.2842049164017204,3.564352686139979e-34,0.2842049164017204
SLC25A16,Survivor_vs_Healthy,0.33620739429073015,3.564352686139979e-34,0.33620739429073015
SLC26A11,Survivor_vs_Healthy,-0.34060632459488327,3.89968424397301e-34,0.34060632459488327
SLC2A13,Fatal_vs_Healthy,0.9959456810199554,3.89968424397301e-34,0.9959456810199554
SLC4A7,Survivor_vs_Healthy,0.4370729944736408,4.01828327422864e-34,0.4370729944736408
SLC25A16,Fatal_vs_Healthy,0.36920440886011824,4.140464634938016e-34,0.36920440886011824
SLC25A15,Survivor_vs_Healthy,1.265100799975587,4.529086903608725e-34,1.265100799975587
SLC25A10,Survivor_vs_Healthy,1.4423439392502977,4.529593338305166e-34,1.4423439392502977
SLC25A32,Fatal_vs_Healthy,0.33589529569845034,4.667211042196274e-34,0.33589529569845034
SLC16A5,Fatal_vs_Healthy,-0.41936639075101706,5.1054809667146726e-34,0.41936639075101706
SLC5A10,Fatal_vs_Healthy,2.2557799229464064,5.1837538281523685e-34,2.2557799229464064
SLC16A1,Survivor_vs_Healthy,-0.6555146356176232,5.260470429413558e-34,0.6555146356176232
SLC25A27,Fatal_vs_Healthy,-19.406958447196413,5.265396111490543e-34,19.406958447196413
SLC19A3,Fatal_vs_Healthy,17.329775652306754,5.402015977128706e-34,17.329775652306754
SLC22A18,Fatal_vs_Healthy,0.37518348844174865,5.420132830819629e-34,0.37518348844174865
SLC29A3,Fatal_vs_Healthy,0.5006658573892786,5.420132830819629e-34,0.5006658573892786
SLC25A19,Fatal_vs_Healthy,-0.47047216238541717,6.484371869888858e-34,0.47047216238541717
SLC4A1,Survivor_vs_Healthy,2.702398830215853,7.575594046165279e-34,2.702398830215853
SLC26A8,Survivor_vs_Healthy,1.8130416817368342,1.024722832033158e-33,1.8130416817368342
SLC39A14,Fatal_vs_Healthy,2.170808462507184,1.062829405700127e-33,2.170808462507184
SLC26A6,Survivor_vs_Healthy,0.6236383505540807,1.1768599965488024e-33,0.6236383505540807
SLC12A2,Survivor_vs_Healthy,0.5706256538562475,1.2123851247621634e-33,0.5706256538562475
SLC24A1,Survivor_vs_Healthy,1.4466875936572814,1.2458793031651272e-33,1.4466875936572814
SLC22A4,Fatal_vs_Healthy,-0.4264853419697604,1.4066334977822515e-33,0.4264853419697604
SLC26A2,Survivor_vs_Healthy,0.5606913607863377,2.3288231686717745e-33,0.5606913607863377
SLC1A2,Survivor_vs_Healthy,1.6625898371184684,2.611341572599905e-33,1.6625898371184684
SLC33A1,Fatal_vs_Healthy,0.5569400689745041,2.700185164676526e-33,0.5569400689745041
SLC2A13,Survivor_vs_Healthy,0.8551907806228222,2.8646946124863264e-33,0.8551907806228222
SLC35A2,Survivor_vs_Healthy,0.49775129284376074,3.22416302841774e-33,0.49775129284376074
SLC25A22,Survivor_vs_Healthy,0.7693650543210685,3.22416302841774e-33,0.7693650543210685
SLC6A4,Survivor_vs_Healthy,2.1708759103044035,4.1356313998361984e-33,2.1708759103044035
SLC24A3,Fatal_vs_Healthy,2.0708437656461607,4.4256462212672333e-33,2.0708437656461607
SLC43A1,Survivor_vs_Healthy,0.8653454921172443,5.481898945846189e-33,0.8653454921172443
SLC36A3,Fatal_vs_Healthy,17.962186231523667,6.165205960357313e-33,17.962186231523667
SLC39A5,Survivor_vs_Healthy,18.723628134058785,6.442180031386102e-33,18.723628134058785
SLC26A4,Fatal_vs_Healthy,2.1608734716328972,1.1907737671259927e-32,2.1608734716328972
SLC1A2,Fatal_vs_Healthy,1.6363411729450814,1.764238480682418e-32,1.6363411729450814
SLC2A9,Fatal_vs_Healthy,-0.501960959227132,1.770912143261014e-32,0.501960959227132
SLC20A2,Fatal_vs_Healthy,0.5440157731496528,3.3615304010866274e-32,0.5440157731496528
SLC24A4,Survivor_vs_Healthy,0.19547778866872292,3.8870696883933256e-32,0.19547778866872292
SLC25A10,Fatal_vs_Healthy,1.097552883769483,4.6263628740513384e-32,1.097552883769483
SLC17A5,Survivor_vs_Healthy,0.25764174222109654,7.568076513352708e-32,0.25764174222109654
SLC35A2,Fatal_vs_Healthy,0.4327069178557149,1.0700816170775375e-31,0.4327069178557149
SLC6A8,Fatal_vs_Healthy,-0.9393408246898464,1.38674668535983e-31,0.9393408246898464
SLC18A2,Survivor_vs_Healthy,1.7935541074649213,1.5339652158140497e-31,1.7935541074649213
SLC22A4,Survivor_vs_Healthy,-0.34765275481128527,2.014859924890284e-31,0.34765275481128527
SLC5A2,Survivor_vs_Healthy,17.810665456189586,2.346012715576292e-31,17.810665456189586
SLC38A5,Fatal_vs_Healthy,1.0410163557337029,2.8420113476852e-31,1.0410163557337029
SLC2A4,Survivor_vs_Healthy,17.198398988575015,7.57334443190742e-31,17.198398988575015
SLC2A8,Survivor_vs_Healthy,-0.6432362517824587,1.2143927255828937e-30,0.6432362517824587
SLC6A12,Survivor_vs_Healthy,1.0639570348403045,1.3594087895275151e-30,1.0639570348403045
SLC19A2,Fatal_vs_Healthy,0.3856179936511424,1.4392057892718247e-30,0.3856179936511424
SLC25A33,Fatal_vs_Healthy,-0.13269749874567335,2.603552064023899e-30,0.13269749874567335
SLC29A2,Survivor_vs_Healthy,1.5611547171412865,4.093333986193594e-30,1.5611547171412865
SLC12A4,Fatal_vs_Healthy,-0.49375941843940063,4.1989571941600174e-30,0.49375941843940063
SLC25A2,Survivor_vs_Healthy,17.79271854698182,7.56031269048484e-30,17.79271854698182
SLC2A12,Fatal_vs_Healthy,18.652843095132187,8.078272334770544e-30,18.652843095132187
SLC5A5,Survivor_vs_Healthy,17.844806890999216,8.137958067140925e-30,17.844806890999216
SLC16A13,Fatal_vs_Healthy,1.6234782782182975,9.614766694561729e-30,1.6234782782182975
SLC1A4,Fatal_vs_Healthy,0.37671072858535254,1.6040621934796832e-29,0.37671072858535254
SLC25A37,Fatal_vs_Healthy,0.0630837598975432,4.225873945609926e-29,0.0630837598975432
SLC25A39,Survivor_vs_Healthy,-0.1458421630194285,4.7184059255252255e-29,0.1458421630194285
SLC2A10,Fatal_vs_Healthy,16.611946980587366,7.487701725119575e-29,16.611946980587366
SLC16A10,Fatal_vs_Healthy,0.6377118219450876,9.906042006961137e-29,0.6377118219450876
SLC25A26,Survivor_vs_Healthy,-0.19790605773673384,1.4135746769718646e-28,0.19790605773673384
SLC4A10,Survivor_vs_Healthy,-19.342883914531246,2.328804611314321e-28,19.342883914531246
SLC9A3,Survivor_vs_Healthy,-0.5328807404513037,3.286950546649286e-28,0.5328807404513037
SLC40A1,Fatal_vs_Healthy,0.5200363344209636,1.1686931854719306e-27,0.5200363344209636
SLC5A3,Fatal_vs_Healthy,0.15249842827761648,3.1433778114631896e-27,0.15249842827761648
SLC25A28,Fatal_vs_Healthy,0.1417225713638254,3.993786967433318e-27,0.1417225713638254
SLC24A1,Fatal_vs_Healthy,1.0760414424211602,5.061840584527536e-27,1.0760414424211602
SLC12A4,Survivor_vs_Healthy,-0.4049042141495048,2.46438734130101e-26,0.4049042141495048
SLC22A15,Survivor_vs_Healthy,0.24440675977599113,2.665589082596844e-26,0.24440675977599113
SLC9A3,Fatal_vs_Healthy,-0.479524316848088,3.2006124725395446e-26,0.479524316848088
SLC39A10,Fatal_vs_Healthy,-0.2289150242922179,4.9846434572290204e-26,0.2289150242922179
SLC15A2,Survivor_vs_Healthy,0.6373481463367116,5.250741862655742e-26,0.6373481463367116
SLC8B1,Fatal_vs_Healthy,-0.13829468547740423,5.676507825095247e-26,0.13829468547740423
SLC19A2,Survivor_vs_Healthy,0.3027447344910484,5.676507825095247e-26,0.3027447344910484
SLC26A1,Fatal_vs_Healthy,-2.036546780217568,8.430765526075939e-26,2.036546780217568
SLC3A1,Survivor_vs_Healthy,1.1878273375904562,1.565366225874576e-25,1.1878273375904562
SLC40A1,Survivor_vs_Healthy,0.45010465955237844,2.601983179622478e-25,0.45010465955237844
SLC4A8,Survivor_vs_Healthy,-0.7307843795708948,4.566382440972834e-25,0.7307843795708948
SLC20A1,Fatal_vs_Healthy,0.1001098466180388,4.929298925014416e-25,0.1001098466180388
SLC25A38,Survivor_vs_Healthy,-0.29783557594979876,5.186975812321323e-25,0.29783557594979876
SLC27A5,Survivor_vs_Healthy,0.40927913429157714,6.042821282584004e-25,0.40927913429157714
SLC6A4,Fatal_vs_Healthy,-18.267923175872145,1.6779094718909406e-24,18.267923175872145
SLC16A4,Fatal_vs_Healthy,0.6658414744477876,3.905251002041071e-24,0.6658414744477876
SLC29A3,Survivor_vs_Healthy,0.25995950453055877,4.315727989765463e-24,0.25995950453055877
SLC22A1,Survivor_vs_Healthy,-1.5237515311038494,4.5363240154137314e-24,1.5237515311038494
SLC7A6,Fatal_vs_Healthy,0.20339530392866736,7.845517882675069e-24,0.20339530392866736
SLC2A9,Survivor_vs_Healthy,-0.295433492812887,8.042754689987704e-24,0.295433492812887
SLC44A3,Survivor_vs_Healthy,17.697047214355315,1.3527560145727668e-23,17.697047214355315
SLC34A3,Fatal_vs_Healthy,15.81754492051219,1.4071015487494114e-23,15.81754492051219
SLC41A1,Survivor_vs_Healthy,0.4867010039070506,7.699681379548206e-23,0.4867010039070506
SLC39A2,Fatal_vs_Healthy,16.1299441352297,9.211890409790593e-23,16.1299441352297
SLC22A7,Fatal_vs_Healthy,16.51065126516659,1.1319750578189089e-22,16.51065126516659
SLC29A4,Fatal_vs_Healthy,1.613409040479744,1.2240106973730075e-22,1.613409040479744
SLC1A6,Survivor_vs_Healthy,16.7141133432451,1.331020409739649e-22,16.7141133432451
SLC35D2,Survivor_vs_Healthy,-0.11141250246355919,1.8832359014301936e-22,0.11141250246355919
SLC4A7,Fatal_vs_Healthy,0.21355903099457593,2.5126263129703426e-22,0.21355903099457593
SLC13A4,Survivor_vs_Healthy,16.036229574718032,2.7721395346863636e-22,16.036229574718032
SLC44A3,Fatal_vs_Healthy,17.070697222508286,3.313145610380363e-22,17.070697222508286
SLC9A4,Survivor_vs_Healthy,17.338253442104808,8.621588488945956e-22,17.338253442104808
SLC20A2,Survivor_vs_Healthy,0.2947818214430737,1.2669060915642081e-21,0.2947818214430737
SLC13A5,Fatal_vs_Healthy,17.209135396150952,2.3659608870456815e-21,17.209135396150952
SLC26A7,Fatal_vs_Healthy,-18.087305782036758,2.786366352440954e-21,18.087305782036758
SLC16A8,Survivor_vs_Healthy,1.6245617896662532,2.850850195396033e-21,1.6245617896662532
SLC27A6,Fatal_vs_Healthy,-17.67862344680599,5.050931161170707e-21,17.67862344680599
SLC44A5,Survivor_vs_Healthy,-17.67862344680599,5.050931161170707e-21,17.67862344680599
SLC27A6,Survivor_vs_Healthy,-17.67862344680599,5.050931161170707e-21,17.67862344680599
SLC22A13,Fatal_vs_Healthy,-18.129471601409232,5.494427158865386e-21,18.129471601409232
SLC18A1,Survivor_vs_Healthy,16.72626547286763,6.807935595467918e-21,16.72626547286763
SLC28A2,Fatal_vs_Healthy,-0.5835181003556084,7.14289670965371e-21,0.5835181003556084
SLC29A2,Fatal_vs_Healthy,1.329172551407459,1.2716999838519664e-20,1.329172551407459
SLC5A11,Fatal_vs_Healthy,-18.57079249833694,1.4129452755040517e-20,18.57079249833694
SLC7A9,Fatal_vs_Healthy,16.63199952215509,1.538280840691988e-20,16.63199952215509
SLC36A2,Survivor_vs_Healthy,16.355894212562905,1.5949482961286428e-20,16.355894212562905
SLC22A3,Fatal_vs_Healthy,-18.151643049519073,1.6731175896052676e-20,18.151643049519073
SLC22A3,Survivor_vs_Healthy,-18.151643049519073,1.6731175896052676e-20,18.151643049519073
SLC24A5,Survivor_vs_Healthy,17.479992113917795,1.7592364073229597e-20,17.479992113917795
SLC16A13,Survivor_vs_Healthy,1.0515079343056108,1.9774863232294168e-20,1.0515079343056108
SLC16A12,Fatal_vs_Healthy,17.03050330612459,3.4435651949616477e-20,17.03050330612459
SLC23A1,Survivor_vs_Healthy,1.5616592883374731,3.610777963003124e-20,1.5616592883374731
SLC34A3,Survivor_vs_Healthy,16.802774766060896,3.8958853194959483e-20,16.802774766060896
SLCO1C1,Survivor_vs_Healthy,16.222914989727748,4.077995015372979e-20,16.222914989727748
SLC14A1,Fatal_vs_Healthy,15.881842407919812,4.550029134935001e-20,15.881842407919812
SLC11A2,Fatal_vs_Healthy,0.17972267393724273,7.024239575843359e-20,0.17972267393724273
SLC26A3,Fatal_vs_Healthy,16.004136542252017,9.833254508946593e-20,16.004136542252017
SLC34A1,Fatal_vs_Healthy,16.466968873054793,2.4241647833810954e-19,16.466968873054793
SLC6A7,Fatal_vs_Healthy,-17.88532721366285,2.7040532327827663e-19,17.88532721366285
SLC6A7,Survivor_vs_Healthy,-17.88532721366285,2.7040532327827663e-19,17.88532721366285
SLC9A5,Survivor_vs_Healthy,-2.0671760323159534,5.261735130377679e-19,2.0671760323159534
SLC5A2,Fatal_vs_Healthy,16.3794664117366,5.449401427066278e-19,16.3794664117366
SLC6A11,Fatal_vs_Healthy,16.359670597406854,6.371202737639685e-19,16.359670597406854
SLC39A5,Fatal_vs_Healthy,16.202034211765763,6.912471265003796e-19,16.202034211765763
SLC26A4,Survivor_vs_Healthy,1.305111590128113,1.1887292722771865e-18,1.305111590128113
SLC13A4,Fatal_vs_Healthy,17.365048517347585,1.6118048542812685e-18,17.365048517347585
SLC12A2,Fatal_vs_Healthy,0.2825326488734266,1.6659290358676829e-18,0.2825326488734266
SLC4A4,Survivor_vs_Healthy,0.7282493838689175,3.497036651813205e-17,0.7282493838689175
SLC4A10,Fatal_vs_Healthy,-3.4560422275446085,7.34881764268282e-17,3.4560422275446085
SLC1A7,Survivor_vs_Healthy,-2.054840632958533,1.7538981412661012e-16,2.054840632958533
SLC25A14,Survivor_vs_Healthy,0.24915423924905436,2.633664711024866e-16,0.24915423924905436
SLC25A4,Fatal_vs_Healthy,0.5290974737687856,2.7426842730360263e-16,0.5290974737687856
SLC6A8,Survivor_vs_Healthy,-0.4574209112540544,7.659571059394447e-16,0.4574209112540544
SLC17A5,Fatal_vs_Healthy,-0.12698648612458258,1.3373637613252605e-15,0.12698648612458258
SLC3A1,Fatal_vs_Healthy,0.7940408153275531,1.0262535137466661e-14,0.7940408153275531
SLC41A2,Survivor_vs_Healthy,-0.44859719484685356,1.3061105793905128e-14,0.44859719484685356
SLC28A2,Survivor_vs_Healthy,-0.4574964797459981,1.3570457962925917e-14,0.4574964797459981
SLC14A2,Survivor_vs_Healthy,-1.2818463047769766,1.89296240377777e-14,1.2818463047769766
SLC25A42,Fatal_vs_Healthy,-0.3709923415910167,1.7001148361832151e-13,0.3709923415910167
SLC14A2,Fatal_vs_Healthy,-1.205835856325793,2.4727787863091214e-13,1.205835856325793
SLC38A5,Survivor_vs_Healthy,0.41092107624164825,2.833786323276718e-13,0.41092107624164825
SLC51B,Fatal_vs_Healthy,1.094560933417482,4.519712820358978e-13,1.094560933417482
SLC1A4,Survivor_vs_Healthy,0.183579959479992,4.701728897043358e-13,0.183579959479992
SLC25A32,Survivor_vs_Healthy,0.10246878368020017,9.1151343317422e-13,0.10246878368020017
SLC44A4,Fatal_vs_Healthy,0.4688784043019876,1.1278703156978535e-12,0.4688784043019876
SLC22A18,Survivor_vs_Healthy,-0.12310989215998867,2.4449738469040044e-12,0.12310989215998867
SLC47A1,Survivor_vs_Healthy,-0.6217370209781375,2.9104081102274615e-12,0.6217370209781375
SLC44A4,Survivor_vs_Healthy,-0.6245711786978372,4.2614097463787135e-12,0.6245711786978372
SLC8A2,Fatal_vs_Healthy,-1.8959295646985326,9.9276268268128e-12,1.8959295646985326
SLC38A2,Survivor_vs_Healthy,-0.03449611318785214,1.3602573183423358e-11,0.03449611318785214
SLC10A1,Survivor_vs_Healthy,0.8959041943185857,3.2294199085180765e-11,0.8959041943185857
SLC4A5,Survivor_vs_Healthy,-0.7068057001072844,7.253560275145542e-11,0.7068057001072844
SLC1A7,Fatal_vs_Healthy,-1.2660058765112028,7.821134932238315e-11,1.2660058765112028
SLC8A2,Survivor_vs_Healthy,-1.7447132311111355,1.710454124623794e-10,1.7447132311111355
SLC20A1,Survivor_vs_Healthy,-0.04781783500043737,1.9997126608091447e-10,0.04781783500043737
SLC7A5,Survivor_vs_Healthy,0.058949873212439066,5.470174469926518e-10,0.058949873212439066
SLC4A5,Fatal_vs_Healthy,-0.6205461751598073,3.866427130518142e-09,0.6205461751598073
SLC43A1,Fatal_vs_Healthy,-0.3238063462780457,4.615637972268918e-09,0.3238063462780457
SLC5A10,Survivor_vs_Healthy,0.6966606245697992,8.221824260587166e-09,0.6966606245697992
SLC25A27,Survivor_vs_Healthy,-0.8795940316092064,1.2875682841338247e-08,0.8795940316092064
SLC26A8,Fatal_vs_Healthy,0.5334761466569417,2.6875109150701084e-08,0.5334761466569417
SLC26A6,Fatal_vs_Healthy,0.15922536177899818,3.930197395589335e-08,0.15922536177899818
SLC25A4,Survivor_vs_Healthy,0.33288556256424856,1.0489221932269035e-07,0.33288556256424856
SLC16A8,Fatal_vs_Healthy,0.8798818772983928,1.5147497438372277e-07,0.8798818772983928
SLC2A8,Fatal_vs_Healthy,0.1542241797274856,2.2045569515764522e-07,0.1542241797274856
SLC22A1,Fatal_vs_Healthy,0.49959732258808787,2.283429827799947e-07,0.49959732258808787
SLC7A1,Fatal_vs_Healthy,0.11817317165964723,3.0140746007190303e-07,0.11817317165964723
SLC8A3,Fatal_vs_Healthy,-3.1568832359753323,4.632879715013344e-07,3.1568832359753323
SLC39A10,Survivor_vs_Healthy,-0.08265292805668555,6.492456226085862e-07,0.08265292805668555
SLC25A18,Fatal_vs_Healthy,0.6038226869872457,9.66456242493733e-07,0.6038226869872457
SLC29A4,Survivor_vs_Healthy,0.7041723770344832,1.4600007293509431e-06,0.7041723770344832
SLC5A11,Survivor_vs_Healthy,-1.8545803243026258,2.3945269800504516e-06,1.8545803243026258
SLC35D2,Fatal_vs_Healthy,-0.044773087940352334,5.101122107893128e-06,0.044773087940352334
SLC27A5,Fatal_vs_Healthy,-0.1705849956957646,5.729004157639303e-06,0.1705849956957646
SLC22A16,Fatal_vs_Healthy,0.1676094003827621,1.0034650383420194e-05,0.1676094003827621
SLC18A2,Fatal_vs_Healthy,-0.645397069735795,1.6542340002631618e-05,0.645397069735795
SLC2A5,Survivor_vs_Healthy,0.2113905857182357,2.432702537583471e-05,0.2113905857182357
SLC23A1,Fatal_vs_Healthy,-1.528043112811687,2.986743077242102e-05,1.528043112811687
SLC24A3,Survivor_vs_Healthy,0.531239838986393,8.433872953492897e-05,0.531239838986393
SLC25A38,Fatal_vs_Healthy,-0.08863934953154694,0.00010182142260437521,0.08863934953154694
SLC6A13,Survivor_vs_Healthy,-1.3123842990234236,0.0001474341791284407,1.3123842990234236
SLC19A1,Survivor_vs_Healthy,0.060790134573249534,0.0001486216940566966,0.060790134573249534
SLC4A9,Fatal_vs_Healthy,-1.0517220387296364,0.00022094274436315592,1.0517220387296364
SLC16A10,Survivor_vs_Healthy,-0.17091106719550583,0.0010017914520778126,0.17091106719550583
SLC27A2,Fatal_vs_Healthy,0.3630996947445027,0.0025055123504523053,0.3630996947445027
SLC25A18,Survivor_vs_Healthy,0.38380062614488963,0.0026466880594924734,0.38380062614488963
SLC12A3,Fatal_vs_Healthy,0.3795559346848436,0.0031797823600752334,0.3795559346848436
SLC25A36,Fatal_vs_Healthy,-0.01482189338909311,0.003543407391349829,0.01482189338909311
SLC26A2,Fatal_vs_Healthy,0.08674286922377054,0.004013605771709069,0.08674286922377054
SLC8A3,Survivor_vs_Healthy,-0.8357851076398183,0.004315045757583145,0.8357851076398183
SLC37A1,Survivor_vs_Healthy,0.044079113503529804,0.005012456761483484,0.044079113503529804
SLC4A9,Survivor_vs_Healthy,0.47614546974440847,0.006695710245227242,0.47614546974440847
SLC25A42,Survivor_vs_Healthy,0.1011279255050065,0.007598636266967752,0.1011279255050065
SLC7A6,Survivor_vs_Healthy,0.040388350808915875,0.021561376590133085,0.040388350808915875
SLC16A5,Survivor_vs_Healthy,0.03158902696954036,0.023436497417741314,0.03158902696954036
SLC17A7,Survivor_vs_Healthy,-0.7841677174961547,0.032472246320478834,0.7841677174961547
SLC26A1,Survivor_vs_Healthy,-0.22493664848024292,0.05029557902567821,0.22493664848024292
SLC39A14,Survivor_vs_Healthy,-0.3447365592472482,0.05136816633178575,0.3447365592472482
SLC47A1,Fatal_vs_Healthy,0.10975289995826777,0.0634886499611221,0.10975289995826777
SLC7A1,Survivor_vs_Healthy,-0.0422778006675124,0.07507451984043349,0.0422778006675124
SLC12A3,Survivor_vs_Healthy,0.02802880625446968,0.13449654274273967,0.02802880625446968
SLC51B,Survivor_vs_Healthy,-0.7144757216631574,0.18576751069664654,0.7144757216631574
SLC22A15,Fatal_vs_Healthy,0.019187234749191616,0.22136137256928268,0.019187234749191616
SLC26A7,Survivor_vs_Healthy,-0.4552250990852576,0.2850640409744708,0.4552250990852576
SLC12A5,Fatal_vs_Healthy,0.02521483061217172,0.30077101001327344,0.02521483061217172
SLC24A4,Fatal_vs_Healthy,-0.008270869439450459,0.32778890500440383,0.008270869439450459
SLC44A5,Fatal_vs_Healthy,-0.24356608581699635,0.39702005810586505,0.24356608581699635
SLC6A6,Fatal_vs_Healthy,-2.652294917101612e-05,0.4026708765689534,2.652294917101612e-05
SLC6A13,Fatal_vs_Healthy,-0.3380960930807209,0.40268268861869794,0.3380960930807209
SLC16A1,Fatal_vs_Healthy,-0.017067913944416577,0.4642937186134408,0.017067913944416577
SLC17A7,Fatal_vs_Healthy,-0.15529561691638413,0.5509979229612842,0.15529561691638413
SLC22A13,Survivor_vs_Healthy,-0.1650958975622927,0.5567570766545776,0.1650958975622927
SLC4A3,Fatal_vs_Healthy,-0.2956354258099252,0.6198349168624088,0.2956354258099252
SLC15A2,Fatal_vs_Healthy,0.002757013299995633,0.6521299173862771,0.002757013299995633
SLC4A8,Fatal_vs_Healthy,-0.00029847512582983096,0.7834074729414255,0.00029847512582983096
SLC10A1,Fatal_vs_Healthy,-0.29872254586462027,0.8316127419148123,0.29872254586462027
SLC9A5,Fatal_vs_Healthy,-0.0656373317856556,0.8910665290735545,0.0656373317856556
SLC4A3,Survivor_vs_Healthy,-0.22851809172812054,0.9950790787522651,0.22851809172812054
SLC22A6,Survivor_vs_Healthy,0.0,1.0,0.0
SLC5A8,Fatal_vs_Healthy,0.0,1.0,0.0
SLC6A3,Survivor_vs_Healthy,0.0,1.0,0.0
SLC7A10,Fatal_vs_Healthy,0.0,1.0,0.0
SLC17A1,Fatal_vs_Healthy,0.0,1.0,0.0
SLC1A1,Fatal_vs_Healthy,0.0,1.0,0.0
SLC6A5,Survivor_vs_Healthy,0.0,1.0,0.0
SLC38A3,Survivor_vs_Healthy,0.0,1.0,0.0
SLC6A15,Survivor_vs_Healthy,0.0,1.0,0.0
SLC19A3,Survivor_vs_Healthy,0.0,1.0,0.0
SLC16A2,Survivor_vs_Healthy,0.0,1.0,0.0
SLC5A7,Survivor_vs_Healthy,0.0,1.0,0.0
SLC7A2,Fatal_vs_Healthy,0.0,1.0,0.0
SLC5A12,Fatal_vs_Healthy,0.0,1.0,0.0
SLC6A14,Fatal_vs_Healthy,0.0,1.0,0.0
SLC10A2,Fatal_vs_Healthy,0.0,1.0,0.0
SLC52A3,Fatal_vs_Healthy,0.0,1.0,0.0
SLC13A3,Fatal_vs_Healthy,0.0,1.0,0.0
SLC17A8,Survivor_vs_Healthy,0.0,1.0,0.0
SLC6A1,Survivor_vs_Healthy,0.0,1.0,0.0
SLC17A2,Survivor_vs_Healthy,0.0,1.0,0.0
SLC22A12,Survivor_vs_Healthy,0.0,1.0,0.0
SLC9A2,Survivor_vs_Healthy,0.0,1.0,0.0
SLC26A9,Fatal_vs_Healthy,0.0,1.0,0.0
SLC47A2,Fatal_vs_Healthy,0.0,1.0,0.0
SLC2A7,Fatal_vs_Healthy,0.0,1.0,0.0
SLC6A18,Fatal_vs_Healthy,0.0,1.0,0.0
SLC13A3,Survivor_vs_Healthy,0.0,1.0,0.0
SLC5A12,Survivor_vs_Healthy,0.0,1.0,0.0
SLC7A2,Survivor_vs_Healthy,0.0,1.0,0.0
SLC28A1,Survivor_vs_Healthy,0.0,1.0,0.0
SLC13A2,Survivor_vs_Healthy,0.0,1.0,0.0
SLC5A1,Survivor_vs_Healthy,0.0,1.0,0.0
SLC16A12,Survivor_vs_Healthy,0.0,1.0,0.0
SLC22A2,Fatal_vs_Healthy,0.0,1.0,0.0
SLC24A5,Fatal_vs_Healthy,0.0,1.0,0.0
SLC25A2,Fatal_vs_Healthy,0.0,1.0,0.0
SLC17A4,Fatal_vs_Healthy,0.0,1.0,0.0
SLC5A7,Fatal_vs_Healthy,0.0,1.0,0.0
SLC16A2,Fatal_vs_Healthy,0.0,1.0,0.0
SLC6A18,Survivor_vs_Healthy,0.0,1.0,0.0
SLC52A3,Survivor_vs_Healthy,0.0,1.0,0.0
SLC34A1,Survivor_vs_Healthy,0.0,1.0,0.0
SLC36A3,Survivor_vs_Healthy,0.0,1.0,0.0
SLC17A4,Survivor_vs_Healthy,0.0,1.0,0.0
SLC6A19,Fatal_vs_Healthy,0.0,1.0,0.0
SLC28A1,Fatal_vs_Healthy,0.0,1.0,0.0
SLC17A6,Fatal_vs_Healthy,0.0,1.0,0.0
SLC13A2,Fatal_vs_Healthy,0.0,1.0,0.0
SLC5A1,Fatal_vs_Healthy,0.0,1.0,0.0
SLC38A4,Fatal_vs_Healthy,0.0,1.0,0.0
SLC22A2,Survivor_vs_Healthy,0.0,1.0,0.0
SLC6A2,Fatal_vs_Healthy,0.0,1.0,0.0
SLC6A11,Survivor_vs_Healthy,0.0,1.0,0.0
SLC2A2,Fatal_vs_Healthy,0.0,1.0,0.0
SLC34A2,Fatal_vs_Healthy,0.0,1.0,0.0
SLC25A21,Fatal_vs_Healthy,0.0,1.0,0.0
SLC12A1,Fatal_vs_Healthy,0.0,1.0,0.0
SLC7A3,Fatal_vs_Healthy,0.0,1.0,0.0
SLC13A1,Fatal_vs_Healthy,0.0,1.0,0.0
SLCO2A1,Survivor_vs_Healthy,0.0,1.0,0.0
SLCO2A1,Fatal_vs_Healthy,0.0,1.0,0.0
SLC22A7,Survivor_vs_Healthy,0.0,1.0,0.0
SLC36A2,Fatal_vs_Healthy,0.0,1.0,0.0
SLC7A3,Survivor_vs_Healthy,0.0,1.0,0.0
SLC5A8,Survivor_vs_Healthy,0.0,1.0,0.0
SLC18A3,Fatal_vs_Healthy,0.0,1.0,0.0
SLC38A3,Fatal_vs_Healthy,0.0,1.0,0.0
SLC10A6,Survivor_vs_Healthy,0.0,1.0,0.0
SLC13A1,Survivor_vs_Healthy,0.0,1.0,0.0
SLC16A9,Fatal_vs_Healthy,0.0,1.0,0.0
SLC22A8,Fatal_vs_Healthy,0.0,1.0,0.0
SLC18A3,Survivor_vs_Healthy,0.0,1.0,0.0
SLC17A3,Fatal_vs_Healthy,0.0,1.0,0.0
SLC24A2,Survivor_vs_Healthy,0.0,1.0,0.0
SLC22A8,Survivor_vs_Healthy,0.0,1.0,0.0
SLC15A1,Fatal_vs_Healthy,0.0,1.0,0.0
SLC2A4,Fatal_vs_Healthy,0.0,1.0,0.0
SLC9A4,Fatal_vs_Healthy,0.0,1.0,0.0
SLC18A1,Fatal_vs_Healthy,0.0,1.0,0.0
SLC10A6,Fatal_vs_Healthy,0.0,1.0,0.0
SLC16A9,Survivor_vs_Healthy,0.0,1.0,0.0
SLC17A3,Survivor_vs_Healthy,0.0,1.0,0.0
SLC39A2,Survivor_vs_Healthy,0.0,1.0,0.0
SLC7A9,Survivor_vs_Healthy,0.0,1.0,0.0
SLC26A3,Survivor_vs_Healthy,0.0,1.0,0.0
SLC22A6,Fatal_vs_Healthy,0.0,1.0,0.0
SLC34A2,Survivor_vs_Healthy,0.0,1.0,0.0
SLC25A21,Survivor_vs_Healthy,0.0,1.0,0.0
SLC12A1,Survivor_vs_Healthy,0.0,1.0,0.0
SLC6A3,Fatal_vs_Healthy,0.0,1.0,0.0
SLC9A2,Fatal_vs_Healthy,0.0,1.0,0.0
SLC17A8,Fatal_vs_Healthy,0.0,1.0,0.0
SLC7A10,Survivor_vs_Healthy,0.0,1.0,0.0
SLC1A1,Survivor_vs_Healthy,0.0,1.0,0.0
SLC17A2,Fatal_vs_Healthy,0.0,1.0,0.0
SLC22A12,Fatal_vs_Healthy,0.0,1.0,0.0
SLC6A1,Fatal_vs_Healthy,0.0,1.0,0.0
SLC17A1,Survivor_vs_Healthy,0.0,1.0,0.0
SLC15A1,Survivor_vs_Healthy,0.0,1.0,0.0
SLC24A2,Fatal_vs_Healthy,0.0,1.0,0.0
SLC38A4,Survivor_vs_Healthy,0.0,1.0,0.0
SLC2A2,Survivor_vs_Healthy,0.0,1.0,0.0
SLC6A5,Fatal_vs_Healthy,0.0,1.0,0.0
SLC6A15,Fatal_vs_Healthy,0.0,1.0,0.0
SLC6A2,Survivor_vs_Healthy,0.0,1.0,0.0
SLC26A9,Survivor_vs_Healthy,0.0,1.0,0.0
SLC6A14,Survivor_vs_Healthy,0.0,1.0,0.0
SLC10A2,Survivor_vs_Healthy,0.0,1.0,0.0
SLC47A2,Survivor_vs_Healthy,0.0,1.0,0.0
SLCO1C1,Fatal_vs_Healthy,0.0,1.0,0.0
SLC2A7,Survivor_vs_Healthy,0.0,1.0,0.0
SLC17A6,Survivor_vs_Healthy,0.0,1.0,0.0
SLC6A19,Survivor_vs_Healthy,0.0,1.0,0.0
